Column1,Column2,Column3,Column4,Column5,Column6,Column7,Column8,Column9,Column10,Column11,Column12,Column13,Column14,Column15,Column16,Column17,Column18,Column19,Column20,Column21,Column22,Column23,Column24,Column25,Column26,Column27,Column28,Column29,Column30,Column31,Column32,Column33,Column34,Column35
1,0,99539,-5889,85243,2306,83398,-37708,1,3760,85243,-17755,59755,-44945,60536,-38223,84356,-38542,58212,-32192,56971,-29674,36946,-47357,56811,-51171,41078,-46168,21266,-34090,42267,-54487,18641,-45300,1
0,0,1,-18829,93035,-36156,-10868,-93597,1,-4549,50874,-67743,34432,-69707,-51685,-97515,5499,-62237,33109,-1,-13151,-45300,-18056,-35734,-20332,-26569,-20468,-18401,-19040,-11593,-16626,-6288,-13738,-2447,1
1,0,1,-3365,1,485,1,-12062,88965,1198,73082,5346,85443,827,54591,299,83775,-13644,75535,-8540,70887,-27502,43385,-12062,57528,-40220,58984,-22145,43100,-17365,60436,-24180,56045,-38238,1
0,0,1,-45161,1,1,71216,-1,0,0,0,0,0,0,-1,14516,54094,-39330,-1,-54467,-69975,1,0,0,1,90695,51613,1,1,-20099,25682,1,-32382,1,1
1,0,1,-2401,94140,6531,92106,-23255,77152,-16399,52798,-20275,56409,-712,34395,-27457,52940,-21780,45107,-17813,5982,-35575,2309,-52879,3286,-65158,13290,-53206,2431,-62197,-5707,-59573,-4608,-65697,1
0,0,2337,-592,-9924,-11949,-763,-11824,14706,6637,3786,-6302,0,0,-4572,-15540,-343,-10196,-11575,-5414,1838,3669,1519,888,3513,-1535,-3240,9223,-7859,732,0,0,-39,12011,1
1,0,97588,-10602,94601,-20800,92806,-28350,85996,-27342,79766,-47929,78225,-50764,74628,-61436,57945,-68086,37852,-73641,36324,-76562,31898,-79753,22792,-81634,13659,-82510,4606,-82395,-4262,-81318,-13832,-80975,1
0,0,0,0,0,0,1,-1,0,0,-1,-1,0,0,0,0,1,1,-1,-1,0,0,0,0,1,1,1,1,0,0,1,1,0,0,0
1,0,96355,-7198,1,-14333,1,-21313,1,-36174,92570,-43569,94510,-40668,90392,-46381,98305,-35257,84537,-66020,75346,-60589,69637,-64225,85106,-65440,57577,-69712,25435,-63919,45114,-72779,38895,-73420,1
0,0,-1864,-8459,0,0,0,0,11470,-26810,-45663,-38172,0,0,-33656,38602,-37133,15018,63728,22115,0,0,0,0,-14803,-1326,20645,-2294,0,0,16595,24086,-8208,38065,1
1,0,1,6655,1,-18388,1,-27320,1,-43107,1,-41349,96232,-51874,90711,-59017,89230,-66474,69876,-70997,70645,-76320,63081,-80544,55867,-89128,47211,-86500,40303,-83675,30996,-89093,22995,-89158,1
0,0,1,-54210,1,-1,1,-1,1,36217,1,-41119,1,1,1,-1,1,-29354,1,-93599,1,1,1,1,1,-40888,1,-62745,1,-1,1,-1,1,-1,1
1,0,1,-16316,1,-10169,99999,-15197,1,-19277,94055,-35151,95735,-29785,93719,-34412,94486,-28106,90137,-43383,86043,-47308,82987,-51220,84080,-47137,76224,-58370,65723,-68794,68714,-64537,64727,-67226,1
0,0,1,-86701,1,22280,85492,-39896,1,-12090,1,35147,1,7772,1,-14767,1,-1,1,-1,61831,15803,1,62349,1,-17012,1,35924,1,-66494,1,88428,1,-18826,1
1,0,1,7380,1,3420,1,-5563,1,8764,1,19651,1,20328,1,12785,1,10561,1,27087,1,44758,1,41750,1,20033,1,36743,95603,48641,1,32492,1,46712,1
0,0,50932,-93996,1,26708,-3520,-1,1,-1,43685,-1,0,0,-1,-34265,-37681,3623,1,-1,0,0,0,0,-16253,92236,39752,26501,0,0,1,23188,0,0,1
1,0,99645,6468,1,-1236,97811,2498,96112,2312,99274,7808,89323,10346,94212,5269,88809,11120,86104,8631,81633,11830,83668,14442,81329,13412,79476,13638,79110,15379,77122,15930,70941,12015,1
0,0,0,0,-1,-1,1,1,-1,1,-1,1,1,-1,1,1,-1,-1,-1,1,1,-1,-1,1,-1,1,1,-1,-1,1,-1,-1,1,-1,0
1,0,67065,2528,66626,5031,57197,18761,8776,34081,63621,12131,62099,14285,78637,10976,58373,18151,14395,41224,53888,21326,51420,22625,48838,23724,46167,24618,43433,25306,40663,25792,1,33036,1
0,0,1,-1,0,0,0,0,1,1,1,-1,-71875,1,0,0,-1,1,1,1,-1,1,1,56250,-1,1,1,1,1,-1,1,1,1,1,0
1,0,1,-612,1,-9834,1,-7649,1,-10605,1,-11073,1,-39489,1,-15616,92124,-31884,86473,-34534,91693,-44072,96060,-46866,81874,-40372,82681,-42231,75784,-38231,80448,-40575,74354,-45039,1
0,0,1,1,0,0,0,0,-1,-1,0,0,0,0,-1,-1,-1,-1,-1,1,-1,1,0,0,0,0,1,-1,-1,1,-1,1,-1,1,0
1,0,96071,7088,1,4296,1,9313,90169,-5144,89263,2580,83250,-6142,87534,9831,76544,280,75206,-5295,65961,-7905,64158,-5929,55677,-7705,58051,-2205,49664,-1251,51310,-15,52099,-182,1
0,0,-1,1,0,0,0,0,-1,1,1,1,0,0,0,0,1,-1,-1,1,1,1,0,0,-1,-1,1,-1,1,1,-1,1,0,0,0
1,0,1,-6182,1,2942,1,-5131,1,-1707,1,-11726,84493,-5202,93392,-6598,69170,-7379,65731,-20367,94910,-31558,80852,-31654,84932,-34838,72529,-29174,73094,-38576,54356,-26284,64207,-39487,1
0,0,1,57820,1,-1,1,-1,1,-1,1,-1,1,-1,1,-1,1,-1,1,-1,1,-62796,1,-1,1,-1,1,-1,1,-1,1,-1,1,-1,1
1,0,1,-8714,1,-17263,86635,-81779,94817,61053,95473,-41382,88486,-31736,87937,-23433,81051,-62180,12245,-1,90284,11053,62357,-78547,55389,-82868,48136,-86583,40650,-89674,32984,-92128,-13341,-1,1
0,0,-1,-1,0,0,-1,1,1,-37500,0,0,0,0,0,0,1,-1,-1,-1,1,-1,0,0,1,-1,-1,1,-1,-1,0,0,-1,1,0
1,0,1,8380,1,17387,1,-13308,98172,64520,1,47904,1,59113,1,70758,1,82777,1,95099,1,1,98042,1,91624,1,83899,1,74822,1,64358,1,52479,1,1
0,0,-1,-1,1,1,1,-1,-1,1,1,-1,-1,-1,0,0,1,1,-1,-1,1,-1,1,-1,1,1,1,-1,1,-1,-1,1,1,-1,0
1,0,1,-14236,1,-16256,1,-23656,1,-7514,1,-25010,1,-26161,1,-21975,1,-38606,1,-46162,1,-35519,1,-59661,1,-47643,98820,-49687,1,-75820,1,-75761,1,-84437,1
0,0,1,-1,1,1,1,-1,1,-1,1,-1,1,-1840,1,-1,1,1,1,-85583,1,1,1,-1,0,0,1,1,1,-79141,1,1,1,1,1
1,0,88208,-14639,93408,-11057,92100,-16450,88307,-17036,88462,-31809,85269,-31463,82116,-35924,80681,-33632,75243,-47022,70555,-47153,66150,-50085,61297,-48086,56804,-54629,50179,-59854,47075,-57377,42189,-58086,1
0,0,71253,-2595,41287,-23067,98019,-9473,99709,-10236,1,-10951,58965,1,83726,-1,82270,-17863,80760,-28257,-25914,92730,51933,5456,65493,-20392,93124,-41307,63811,-21901,86136,-87354,-23186,-1,1
1,0,1,-15899,72314,27686,83443,-58388,1,-28207,1,-49863,79962,-12527,76837,14638,1,39337,1,26590,96354,-1891,92599,-91338,1,14803,1,-11582,1,-11129,1,53372,1,-57758,1
0,0,66161,-1,1,1,1,-67321,80893,-40446,1,-1,1,-89375,1,73393,17589,70982,1,78036,1,85268,1,-1,1,85357,1,-8571,95982,-36250,1,65268,1,34732,1
1,0,1,433,1,-1209,1,-2960,1,-7014,97839,-6256,1,-6544,97261,-7917,92561,-13665,94184,-14327,99589,-14248,94815,-13565,89469,-20851,89067,-17909,85644,-18552,83777,-20101,83867,-20766,1
0,0,1,1,1,-1,0,0,0,0,-1,-1,0,0,0,0,-1,1,1,1,-1,1,-1,1,1,-1,1,1,-1,1,1,1,0,0,0
1,0,91241,4347,94191,2280,94705,5345,93582,1321,91911,6348,92766,12067,92048,6211,88899,12722,83744,14439,80983,11849,77041,14222,75755,11299,73550,13282,66387,15300,70925,10754,65258,11447,1
0,0,1,2461,99672,4861,97545,7143,61745,-1,91036,11147,88462,53640,82077,14137,76929,15189,1,41003,65850,16371,60138,16516,54446,16390,48867,16019,43481,15436,38352,14677,1,1,1
1,0,1,6538,1,20746,1,26281,93051,32213,86773,39039,75474,50082,79555,52321,65954,60756,57619,62999,47807,67135,40553,68840,34384,72082,27712,72386,19296,70682,11372,72688,6990,71444,1
0,0,-1,-1,1,1,1,-14375,0,0,-1,1,1,1,17917,-1,-1,-1,8750,-1,1,-1,-1,1,-1,-1,1,-1,-1,-1,1,1,0,0,1
1,0,90932,8791,86528,16888,1,16598,55187,68154,70207,36719,16286,42739,57620,46086,51067,49618,31639,12967,37824,54462,31274,55826,24856,56527,18626,56605,12635,56101,6927,55061,12137,67739,1
0,0,-64286,-1,1,82857,1,-1,1,-23393,1,96161,1,-37679,1,-1,1,13839,1,-1,1,-3393,-84286,1,53750,85714,1,1,1,-1,1,-1,1,-1,1
1,0,99025,-5785,99793,-13009,98663,-19430,99374,-25843,92738,-30130,92651,-37965,89812,-43796,84922,-52064,87433,-57075,79016,-59839,74725,-64615,68282,-68479,65247,-73174,61010,-75353,54752,-80278,49195,-83245,1
0,0,0,0,0,0,0,0,1,1,1,1,0,0,0,0,-37500,-1,-1,-1,0,0,0,0,-1,-1,-1,-1,-1,1,1,0,0,0,0
1,0,1,-3730,1,-7383,99601,-11039,99838,-9931,98941,-13814,96674,-21695,95288,-25099,91236,-34400,90581,-32152,89991,-34691,87874,-37643,86213,-42990,83172,-43122,81433,-42593,77919,-47977,75115,-50152,1
0,0,94598,-2685,-1,26131,-36393,35639,69258,-63427,1,-3353,-29020,-550,-54852,15452,91921,-46270,1,-50424,-29735,-31454,-73864,37361,83872,-46734,52208,-58130,1,-61393,-9634,20477,-6117,41913,1
1,0,98166,874,98103,-3818,97565,-5699,95947,-6971,99004,-4507,94713,-11102,93369,-12790,94217,-11583,79682,-19200,88274,-17387,86257,-18739,88487,-19689,81813,-21136,78546,-23864,76911,-23095,74323,-23902,1
0,0,0,0,1,51724,0,0,10991,-1,0,0,0,0,-1,-22414,-55711,-83297,76940,63147,0,0,53448,35668,-90302,44828,1,-1,-1,81573,0,0,0,0,1
1,0,84134,-18362,43644,2919,93421,-267,87947,13795,81121,-1789,88559,54991,91714,-57486,75000,-29520,86676,-20104,1,1,46610,-16290,90066,-2778,93358,-1158,61582,-32298,84463,-25706,93323,-1425,1
0,0,1,1,1,-1,0,0,0,0,1,1,1,1,-1,-1,1,-1,-1,1,0,0,1,-1,1,-1,1,1,-1,-1,0,0,0,0,0
1,0,1,1,1,1,91010,1,-26970,1,-83152,1,-1,1,-1,72526,-1,-57779,-1,-42052,-1,-1,-52838,-1,90014,-1,1,-1,1,-1,1,-34686,1,34845,1
0,0,-67935,-1,-1,1,1,63317,3515,-1,-1,-1,1,1,88683,-1,-1,1,83840,1,1,-1,-1,-1,-18856,1,1,-1,-1,-1,-1,1,1,33611,1
1,0,95659,8143,97487,-5667,97165,-8484,96097,-6561,94717,1279,95436,-16795,94612,-19497,99630,-32268,90343,-35902,91428,-27316,90140,-29807,99899,-40747,87244,-34586,92059,-30619,83951,-39061,82166,-41173,1
0,0,8333,-20685,-1,1,-1,1,71875,47173,-82143,-62723,-1,-1,-1,1,-2753,59152,-42113,-42113,-74628,-1,-1,-46801,-1,23810,1,-1,-1,-38914,-1,-1,-1,61458,1
1,0,1,-2259,1,-4494,1,-6682,1,-8799,1,56173,1,-12738,1,-14522,1,32407,1,-17639,99484,-18949,95601,-20081,1,-92284,87280,-21793,82920,-22370,78479,-22765,73992,-22981,1
0,0,-1,1,1,-1,-1,1,0,0,1,1,-1,-18750,1,1,-1,-1,1,-1,-1,-1,1,1,1,-1,1,1,1,1,0,0,-1,-1,0
1,0,1,5812,94525,7418,99952,13231,1,-1911,94846,7033,95713,14644,94862,11224,90896,20119,96741,16265,99695,14258,90784,16410,91667,22431,88423,23571,88568,22511,78324,29576,83574,31166,1
0,0,17188,-1,-1,1,0,0,0,0,-1,1,0,0,-61354,-67708,80521,36146,51979,14375,0,0,-1,-27083,-84792,96250,1,1,-1,67708,0,0,0,0,1
1,0,1,9771,1,12197,1,22574,98602,9237,94930,19211,92992,24288,89241,28343,85529,26721,83656,33129,83393,31698,74829,39597,76193,34658,68452,42746,62764,46031,56791,47033,54252,50903,1
0,0,1667,-35625,0,0,0,0,0,0,0,0,0,0,12292,-55000,22813,82813,1,-42292,0,0,8333,-1,-10625,-16667,1,-76667,-1,18854,0,0,1,-27292,1
1,0,1,16801,99352,16334,94616,33347,91759,22610,91408,37107,84250,46899,81011,49225,78473,48311,65091,56977,56553,58071,55586,64720,48311,55236,43317,69129,35684,76147,33921,66844,22101,78685,1
0,0,63816,1,20833,-1,1,1,87719,30921,-66886,1,-5921,58772,1754,5044,-51535,-1,14254,-3289,32675,-43860,-1,1,80921,-1,1,-6140,1,1,20614,-1,1,1,1
1,0,1,-41457,1,76131,87060,18593,1,-9925,93844,47990,65452,-16080,1,879,97613,-50126,80025,-24497,88065,-19095,1,-12312,93593,10678,92890,-7249,1,-27387,43970,19849,51382,-5402,1
0,0,84783,10598,1,39130,1,-1,66938,8424,1,27038,1,60598,1,35507,1,2672,58424,-43025,1,63496,89130,26585,91033,-33333,1,15942,37681,-1947,1,22464,1,37409,1
1,0,1,28046,1,2477,1,7764,1,4317,98762,33266,1,5489,1,4384,95750,-24598,84371,-8668,1,4150,99933,27376,1,-39056,96414,-2174,86747,23360,94578,-22021,80355,-7329,1
0,0,1,-1,1,-1,1,-1,1,-1,1,1,1,1,1,-1,1,1,1,1,1,1,1,-1,1,-1,1,-1,1,65625,0,0,1,-1,0
1,0,1,67784,81309,82021,43019,1,20619,80541,-43872,1,-79135,77092,-1,40268,-39046,-58634,-97907,-42822,-73083,-76339,-37671,-97491,41366,-1,41778,-93296,25773,-1,93570,-35222,98816,3446,1
0,0,1,1,1,-1,1,-1,1,1,1,1,1,1,1,-1,1,1,1,1,1,1,1,1,1,1,1,5,0,0,1,-1,1,-1,1
1,0,1,3529,1,18281,1,26968,1,25068,1,28778,1,38643,1,31674,1,65701,1,53846,1,61267,1,59457,89593,68326,89502,71374,85611,67149,74389,85611,71493,75837,1
0,0,1,-1,1,1,-1,-1,1,-1,0,0,0,0,-1,1,1,-1,1,-1,-75000,1,1,-1,1,-1,1,-1,-1,-1,0,0,1,-1,0
1,0,96087,8620,96760,19279,96026,27451,98044,35052,92867,46281,86265,52517,82820,58794,73242,69065,69003,73140,54473,68820,48339,76197,40615,74689,33401,83796,24944,86061,13756,86835,9048,86285,1
0,0,69444,38889,0,0,-32937,69841,0,0,0,0,0,0,20635,-24206,21032,19444,46429,78175,0,0,0,0,73413,27381,76190,63492,0,0,0,0,0,0,1
1,0,1,5070,1,10827,1,19498,1,28453,1,34826,1,38261,94575,42881,89126,50391,75906,58801,80644,59962,79578,62758,66643,63942,59417,69435,49538,72684,47027,71689,33381,75243,1
0,0,1,1,0,0,1,-1,1,-1,1,1,1,1,1,-1,1,1,1,1,1,-1,-1,-1,1,-1,1,-1,1,1,0,0,1,-1,0
1,0,1,4078,1,11982,1,16159,1,27921,98703,30889,92745,37639,91118,39749,81939,46059,78619,46994,79400,56282,70331,58129,67077,59723,58903,60990,53952,60932,45312,63636,40442,62658,1
0,0,1,1,1,-1,1,1,1,1,1,1,1,1,1,1,1,-1,-1,1,-1,1,-1,1,1,-1,1,1,-1,1,-1,-1,-1,1,0
1,0,1,24168,1,48590,1,72973,1,1,1,1,1,1,1,77128,1,1,1,1,74468,1,89647,1,64628,1,38255,1,10819,1,-17370,1,-81383,1,1
0,0,1,1,1,-1,1,1,-1,1,0,0,1,1,0,0,0,0,-1,1,-1,1,1,1,1,-1,1,1,1,1,1,-1,-1,1,0
1,0,1,-6604,1,62937,1,9557,1,20280,1,-1,1,-40559,1,-15851,1,4895,1,-61538,1,-26573,1,-1,1,-58042,1,-81372,1,-1,1,-78555,1,-48252,1
0,0,1,-1,1,1,1,1,1,1,1,1,1,-1,1,-1,1,1,1,-1,1,1,1,1,1,-1,1,1,1,-1,1,1,1,-1,0
1,0,92277,7804,92679,16251,89702,24618,84111,35197,78801,42196,70716,46983,70796,56476,60459,64200,51247,64924,39903,66975,34232,68343,23693,76146,18765,73885,9694,71038,2735,77072,-4023,69509,1
0,0,68198,-17314,82332,21908,46643,32862,25795,58304,1,-15194,1060,44523,1060,38869,18681,41168,10567,36353,4325,30745,-83,24936,-2862,19405,-4314,14481,-4779,10349,-4585,7064,-4013,4586,1
1,0,74852,-2811,65680,-5178,80621,2811,85947,2515,63462,8728,71598,7840,73077,5178,78550,-27811,65976,-1479,78698,6953,34615,-18639,65385,2811,61009,-6637,53550,-21154,59024,-14053,56361,2959,1
0,0,39179,-6343,97464,4328,1,1,35821,15299,54478,13060,61567,-82090,57836,67910,66791,-10448,46642,-11567,65574,14792,83209,45522,47015,16418,49309,14630,32463,-2612,39118,13521,34411,12755,1
1,0,67547,4528,76981,-10566,77358,3774,66038,-4528,64528,1132,66792,-13962,72075,-2264,76981,8679,61887,-7925,75849,-23774,73962,-14717,84906,-15094,73886,-5801,66792,2264,86415,3774,73208,755,1
0,0,72727,-5000,89241,3462,1,72727,66364,-5909,48182,-16818,81809,9559,56818,1,50455,21818,66818,10000,1,-30000,98636,-1,57273,32727,56982,14673,42273,8182,48927,14643,1,1,1
1,0,57647,-1569,40392,0,38431,12941,40000,-5882,56471,14118,46667,8235,52549,-5490,58039,1569,50196,0,45882,6667,58039,8235,49804,392,48601,10039,46275,8235,45098,23529,43137,17255,1
0,0,41932,12482,35000,12500,23182,27955,-3636,44318,4517,36194,-19091,33636,-13350,27322,2727,40455,-34773,12727,-20028,5078,-18636,36364,-14003,-4802,-9971,-7114,-1,-1,-2916,-7464,-526,-6314,1
1,0,88305,-21996,1,36373,82403,19206,85086,5901,90558,-4292,85193,25000,77897,25322,69206,57940,71030,39056,73176,27575,1,34871,56760,52039,69811,53235,80901,58584,43026,70923,52361,54185,1
0,0,84557,-8580,-31745,-80553,-8961,-56435,80648,4576,89514,-763,-18494,63966,-20019,-68065,85701,-11344,77979,-15729,-6959,50810,-34128,80934,78932,-3718,70882,-25288,77884,-14109,-21354,-78170,-18494,-59867,1
1,0,70870,-24783,64348,4348,45217,38261,65217,18261,5,26957,57826,-23043,50435,37826,38696,-42609,36087,-26087,26957,11739,53246,-3845,31304,-12174,49930,-4264,48348,-4448,64348,-25217,50435,14783,1
0,0,-54180,14861,-33746,73375,52012,-13932,31889,-6811,20743,-15170,47368,8978,56347,-15480,16409,45201,33746,3406,50464,7121,-63777,-61610,1,65635,41348,-40116,-15170,11146,2399,55820,52632,-8978,1
1,0,29202,13582,45331,16808,51783,-509,52632,20883,52462,-16638,47368,-4754,55518,3905,81664,-22411,42445,-4244,34975,6621,28183,-20883,51731,-3176,50369,-3351,34635,9847,70798,-1868,39559,-3226,1
0,0,79157,16851,0,0,56541,6874,39468,1,38359,99557,-2439,53215,23725,12860,-2661,95122,-50998,84922,-10200,38803,-42572,23725,-91574,80710,-34146,88248,-1,69401,-1,12860,0,0,1
1,0,90116,16607,79299,37379,72990,50515,59784,72997,44303,81152,24412,87493,6438,85038,-12611,87396,-28739,79617,-46635,65924,-57135,53805,-68159,39951,-71844,25835,-72369,11218,-71475,-5525,-67699,-19904,1
1,0,97714,19049,82683,46259,71771,58732,47968,84278,31409,92643,10289,93945,-13254,84290,-32020,91624,-52145,79525,-68274,49508,-77408,33537,-85376,17849,-83314,-1358,-82366,-19321,-67289,-33662,-59943,-49700,1
0,0,-1,-1,0,0,50814,-78502,60586,32899,-1,-41368,0,0,0,0,1,-26710,36482,-63518,97068,-1,-1,-1,1,-59609,-1,-1,-1,-1,1,-1,0,0,1
1,0,74084,4974,79074,2543,78575,3793,66230,9948,67801,31152,75934,7348,74695,8442,70681,-7853,63613,0,70021,11355,68183,12185,67016,15445,64158,13608,65707,17539,59759,14697,57455,15114,1
0,0,1,-1,0,0,77941,-99265,80882,55147,-41912,-94853,0,0,0,0,72059,-77206,73529,-60294,0,0,18382,-1,-1,-1,-1,-1,1,-1,1,-1,0,0,1
1,0,1,1709,96215,-3142,1,-3436,1,-5071,99026,-7092,99173,-9002,1,-15727,1,-14257,98310,-11813,1,-18519,1,-19272,98971,-22083,96490,-20243,94599,-17123,96436,-22561,87011,-23296,1
0,0,0,0,0,0,0,0,0,0,0,0,0,0,0,0,0,0,0,0,0,0,0,0,0,0,1,-1,0,0,0,0,0,0,0
1,0,95704,-12095,63318,-12690,96365,-18242,97026,8460,92003,-1124,83543,-24719,1,-31395,99273,-21216,98678,-21018,1,-27165,93126,-39458,1,-19233,88793,-31565,81428,-23728,89095,-31857,69531,-41573,1
0,0,28409,-31818,0,0,68182,-1,30682,95833,64394,6439,34848,-84848,0,0,59091,-35985,45076,-80682,0,0,0,0,24242,17803,1,-23864,6061,-48485,16288,-70076,0,0,1
1,0,94490,-49311,1,-3692,98898,-87052,90083,66942,1,-10104,1,-12493,1,-15017,1,-17681,1,-20491,1,-23452,1,-26571,1,-29852,1,-33304,1,-36931,1,-40740,1,-44739,1
0,0,0,0,0,0,0,0,0,0,62195,1,0,0,0,0,36585,-71951,56098,-1,0,0,0,0,0,0,1,10976,0,0,0,0,0,0,1
1,0,99449,526,84082,-11313,88237,-16431,99061,-6257,96484,-7496,85221,2966,87161,-20848,93881,-12977,98298,-8935,89876,75,87836,-5882,93368,-19872,87579,-17806,94294,-16581,80253,-25741,76586,-27794,1
0,0,10135,10811,0,0,0,0,54730,82432,31081,1,0,0,0,0,37162,-1,33108,-1,0,0,0,0,-42568,-1,1,-1,55405,-23649,0,0,0,0,1
1,0,1,-57224,99150,-73371,89518,-97450,1,-35818,1,-23229,62890,-86402,1,-57535,1,-79603,76771,-88952,96601,-1,70120,-74896,61946,-76904,53777,-77986,81020,-1,1,-1,30445,-76112,1
0,0,65909,-62879,0,0,0,0,77273,1,1,-28030,0,0,0,0,62121,-22727,84091,-1,1,-1,0,0,0,0,1,-93939,-12879,-93182,0,0,0,0,1
1,0,86284,19310,80920,41149,67203,55785,54559,69962,36705,81533,19617,85671,-4061,86284,-17241,75785,-34100,65747,-48199,56092,-60230,40996,-59234,25747,-63038,8818,-57241,-7816,-54866,-19923,-42912,-31954,1
0,0,42000,-61000,0,0,1,-1,90000,1,43000,64000,0,0,0,0,67000,-29000,84000,-1,0,0,0,0,21000,68000,1,22000,0,0,0,0,0,0,1
1,0,1,23395,91404,52013,78020,72144,47660,84222,27639,91730,9467,88248,-21980,91404,-34168,75517,-51360,64527,-64527,44614,-74102,29162,-70838,3591,-71731,-11943,-64962,-28183,-51251,-44505,-37432,-53319,1
0,0,91353,81586,-72973,1,-39466,55735,5405,29730,-18599,-10241,-3158,-8970,1401,-3403,1108,-537,342,97,48,75,-3,19,-3,2,-1,0,0,0,0,0,0,0,1
1,0,21429,-9524,33333,7143,19048,19048,23810,9524,40476,2381,30952,-4762,30952,-4762,28571,-11905,33333,4762,30952,0,21429,-11905,35714,-4762,22109,-2290,19048,0,16997,-2034,14694,-1877,1
0,0,1,-14754,1,4918,57377,-1639,65574,1639,85246,-3279,72131,0,68852,-16393,19672,-14754,65558,-17176,67213,3279,1,-29508,31148,-34426,52385,-20325,32787,-3279,27869,-44262,49180,-6557,1
1,0,98182,0,88627,3131,86249,4572,80000,0,69091,4545,79343,8436,77118,9579,62727,25455,68182,12727,70674,12608,68604,13493,74545,22727,64581,15088,67273,2727,60715,16465,58840,17077,1
0,0,39286,52381,-78824,11342,-16628,-76378,66667,1190,82143,40476,-67230,30729,-34797,-63668,46429,15476,54762,5952,-51830,44961,-47651,-47594,32143,70238,51971,38848,57143,39286,-54891,-29915,25441,-55837,1
1,0,86889,-7111,1,-2494,1,-6889,87778,222,83556,-6444,1,-7287,1,-20000,86889,5333,88000,-3778,1,-11526,1,-18667,84444,3556,1,-14162,82222,-14667,1,-15609,1,-44222,1
0,0,43636,-12727,58182,-14545,18182,-67273,34545,-3636,29091,-5455,29091,29091,36364,-41818,20000,-1818,36364,5455,12727,49091,61818,16364,32727,16364,41098,-7027,34545,-5455,12727,-36364,29091,-29091,1
1,0,1,-92453,1,75472,49057,-5660,62264,0,1,-54,45283,7547,62264,-5660,98878,-85,52830,0,52830,7547,95190,-112,1,79245,92192,-128,94340,-1,1,43396,43396,-11321,1
0,0,73810,83333,-76190,-23810,33333,-14286,45238,-14286,-67285,12808,33333,0,28571,-7143,-38214,51163,23810,2381,45238,4762,16667,-26190,-57255,-10234,24889,-51079,1,0,-66667,-4762,26190,2381,1
1,0,43750,4167,58333,-10417,39583,0,33333,-6250,47917,0,29167,10417,54167,2083,43750,-22917,35417,-22917,33333,8333,25000,18750,39583,-18750,44012,-10064,41667,-8333,58333,-31250,33333,-6250,1
0,0,1,1,0,0,0,0,0,0,47744,-89098,-51504,45489,-95489,28571,64662,1,0,0,0,0,62030,20301,-1,-1,1,-1,1,1,0,0,0,0,1
1,0,95217,6595,93614,13030,90996,19152,84881,-49962,90023,61320,77937,34328,72254,37988,66145,40844,95472,59862,53258,44088,46773,44511,40440,44199,34374,43221,90330,1,23405,39620,18632,37191,1
0,0,59840,40332,82809,80521,76001,70709,84010,-10984,97311,7981,95824,-85727,91962,88444,95452,-5206,88673,18135,98484,-69594,86670,-85755,28604,-30063,1,17076,62958,42677,87757,81007,81979,68822,1
1,0,95882,10129,1,-1918,98313,2555,96974,-9316,98955,-2716,97980,-3096,1,-5343,1,-5179,93840,1557,97620,-9284,97889,-5318,91567,-15675,95677,-6995,90978,1307,1,-10797,93144,-6888,1
0,0,0,0,-33672,85388,0,0,68869,-1,97078,31385,-26048,-59212,-30241,65565,94155,16391,0,0,0,0,-18043,-1,0,0,1,-1,0,0,4447,61881,0,0,1
1,0,96933,876,1,843,98658,-763,97868,-2844,99820,-3510,1,-1271,1,-2581,1,-1175,98485,25,1,-2612,1,-4744,96019,-4527,99188,-3473,97020,-2478,1,-3855,98420,-4112,1
0,0,0,0,98919,-22703,18919,-5405,0,0,93243,7297,1,-20000,1,7027,1,-11351,0,0,1,-21081,1,-41622,0,0,1,-17568,0,0,1,-25946,28919,-15676,1
1,0,64122,1403,34146,-2439,52751,3466,19512,12195,43313,4755,21951,4878,29268,0,36585,0,31707,7317,26829,12195,23698,5813,21951,9756,19304,5641,17410,5504,19512,0,17073,7317,1
0,0,1,1,1,-1,0,0,0,0,1,1,1,-1,1,1,1,-1,0,0,0,0,1,-27778,0,0,1,-1,1,1,1,-1,0,0,1
1,0,34694,20408,46939,24490,40816,20408,46939,44898,30612,59184,12245,55102,0,51020,-6122,55102,-20408,55102,-28571,44898,-28571,32653,-61224,22449,-46579,14895,-59184,18367,-34694,0,-26531,-24490,1
0,0,0,0,1,-1,0,0,0,0,1,1,1,-25342,1,23288,1,-1,0,0,0,0,1,1,0,0,1,-1,0,0,1,-1,0,0,1
1,0,89706,38235,91176,37500,74265,67647,45588,77941,19118,88971,-2206,86029,-20588,82353,-37500,67647,-5,47794,-73529,38235,-86029,8824,-74265,-12500,-67925,-24131,-55147,-42647,-44118,-50735,-28676,-56618,1
0,0,-1,28105,22222,15033,-75693,-70984,-30719,71242,-1,1,-81699,33987,-79085,-2614,-98039,-83007,-60131,-54248,-4575,-83007,94118,-94118,-1,-43137,74385,9176,-1,5229,18301,2614,-40201,-48241,1
1,0,26667,-10000,53333,0,33333,-13333,36667,11667,56667,1667,71667,8333,70000,-6667,53333,20000,41667,-1667,31667,20000,70000,0,25000,13333,46214,5439,40000,3333,46667,3333,41667,-5000,1
0,0,-26667,40000,-27303,12159,-17778,-4444,6192,-6879,4461,2575,-885,2726,-1586,-166,-93,-883,470,-153,138,238,-114,102,-69,-50,19,-43,26,5,0,15,-8,2,1
1,0,1,-37838,64865,29730,64865,-24324,86486,18919,1,-27027,51351,0,62162,-5405,32432,-21622,71833,-17666,62162,5405,75676,13514,35135,-29730,61031,-22163,58478,-23027,72973,-59459,51351,-24324,1
0,0,94531,-3516,-1,-33203,-1,-1563,97266,1172,93359,-1953,-1,16406,-1,-391,95313,-3516,92188,-2734,-99219,11719,-93359,34766,95703,-391,82041,13758,90234,-6641,-1,-18750,-1,-34375,1
1,0,95202,2254,93757,-1272,93526,1214,96705,-1734,96936,520,95665,-3064,95260,-405,99480,-2659,99769,1792,93584,-4971,93815,-2370,97052,-4451,96215,-1647,97399,1908,95434,-3410,95838,809,1
0,0,1,-5529,1,-1,5,-11111,36111,-22222,1,-25712,16667,-11111,1,-34660,1,-38853,1,-42862,0,-25000,1,-50333,1,-27778,1,-57092,1,-27778,1,-63156,1,-65935,1
1,0,31034,-10345,24138,-10345,20690,-6897,7405,-5431,3649,-3689,1707,-2383,741,-1482,281,-893,78,-523,-3,-299,-28,-166,-31,-90,-25,-48,-18,-24,-12,-12,-8,-6,1
0,0,62745,-7843,72549,0,60784,-7843,62745,-11765,68627,-11765,66667,-13725,64706,-9804,54902,-11765,54902,-21569,58824,-19608,66667,-23529,45098,-25490,52409,-24668,56863,-31373,43137,-21569,47059,-27451,1
1,0,25000,16667,46667,26667,19036,23966,7766,19939,1070,14922,-2367,10188,-3685,6317,-3766,3458,-3230,1532,-2474,357,-1726,-273,-1097,-539,-621,-586,-294,-520,-89,-408,25,-291,1
0,0,-65625,15625,6250,0,0,6250,62500,6250,18750,0,-3125,9375,6250,0,15625,-15625,43750,-37500,0,-9375,0,0,3125,-46875,3125,0,-71875,3125,-3125,0,0,9375,1
1,0,1,-1081,1,-2703,1,-6486,95135,-1622,98919,-3243,98919,8649,1,-6486,95135,9189,97838,-541,1,6486,1,4324,97838,9189,98556,1251,1,-3243,1,2703,1,-7027,1
0,0,85271,5426,1,8069,1,1,91473,-775,83721,3876,1,27153,1,1,81395,4651,90698,11628,1,50670,1,-1,80620,3876,1,71613,84496,6977,1,87317,1,1,1
1,0,90374,-1604,1,8021,1,1604,93048,535,93583,-1604,1,0,1,6417,1,4813,91444,4278,96791,2139,98930,-1604,96257,5348,96974,4452,87701,1070,1,9091,97861,6417,1
0,0,-20500,28750,23000,10000,28250,31750,32250,35000,36285,-34617,9250,27500,-9500,21000,-8750,23500,-34187,31408,-48000,-8000,29908,33176,-58000,-24000,32190,-28475,-47000,18500,-27104,-31228,40445,3050,1
1,0,60000,3333,63333,6667,70000,6667,70000,0,63333,0,80000,0,73333,0,70000,10000,66667,10000,73333,-3333,76667,0,63333,13333,65932,10168,60000,13333,60000,16667,63333,16667,1
0,0,5866,-838,6704,838,0,-1117,559,-3911,1676,-7542,-559,5307,6425,-3352,0,9497,-6425,7542,-4749,2514,2793,-559,838,559,10335,-838,3073,-279,4469,0,4749,-3352,1
1,0,94653,28713,72554,67248,47564,82455,1267,89109,-24871,84475,-47644,56079,-75881,41743,-66455,7208,-65426,-19525,-52475,-44000,-30851,-55089,-4119,-64792,16085,-56420,36752,-41901,46059,-22535,50376,-5980,1
0,0,5460,1437,-2586,4598,1437,4598,-7759,862,1724,-6609,-3736,4310,-8333,-4598,-9483,8046,-4023,5172,2011,2299,-3736,-1149,3161,-862,862,1724,2586,1149,2586,1149,-4598,-575,1
1,0,72414,-1084,79704,1084,80000,197,79015,1084,78424,-985,83350,3251,85123,1675,80099,-788,79113,-2956,75961,3350,74778,5517,72611,-1478,78041,612,74089,-5025,82956,2956,79015,788,1
0,0,3852,2568,428,0,1997,-1997,2140,-4993,-4850,-1284,1427,-2282,0,-3281,-4708,-2853,-1712,3566,2140,428,5136,-2282,5136,1854,3994,1569,1997,713,-2568,-1854,-1427,1997,1
1,0,47090,22751,42328,33598,25661,47619,1852,49471,-2116,53968,-34127,31217,-41270,32540,-51587,6878,-5,-11640,-14815,-14550,-14815,-38095,-23280,265,3574,-31739,15873,-21693,24868,-24339,26720,4233,1
0,0,8696,686,13959,-4119,10526,-8238,12586,-6178,23341,-1144,12357,7780,14645,-13501,29062,-4805,18993,7323,11670,0,11213,-229,15103,-10297,8467,1373,11213,-6636,9611,-7323,11670,-6865,1
1,0,94333,38574,48263,64534,21572,77514,-55941,64899,-73675,42048,-76051,0,-62706,-31079,-38391,-62157,-12797,-69287,49909,-63620,71481,-37660,73857,-5484,60098,30384,45521,60512,2742,54479,-21572,50457,1
0,0,1975,705,4090,-846,2116,1128,1128,4372,282,141,1975,-3103,-1975,6065,-4090,2680,-2398,-423,4372,-2539,1834,0,0,-1269,1834,-1128,564,-1551,-1693,-2398,705,0,1
1,0,85736,75,81927,-5676,77521,-4182,84317,9037,86258,11949,88051,-6124,78342,3510,83719,-6796,83570,-14190,88125,1195,90515,2240,79686,-1942,82383,-3678,88125,-6423,73936,-1942,79089,-9186,1
0,0,1,-1,1,1,-1,1,1,-1,1,-1,-1,-1,-1,1,1,1,1,1,-1,1,1,-1,1,-1,1,1,1,1,-1,1,-1,1,1
1,0,85209,39252,38887,76432,8858,98903,-42625,88744,-76229,49980,-93092,10768,-85900,-31044,-66030,-55262,-19260,-86063,28444,-80496,64649,-35230,77814,-23324,71698,21343,37830,58310,19667,66315,-11215,64933,1
0,0,1,1,1,51250,62500,-1,1,1,2500,3125,1,1,0,0,1,-1,1,1,1,1,31250,1,1,1,1,1,1,1,-94375,1,0,0,1
1,0,1,54902,62745,1,1961,1,-49020,92157,-82353,58824,-1,11765,-96078,-33333,-64706,-68627,-23529,-86275,35294,-1,74510,-72549,92157,-21569,92874,21876,72549,56863,23529,90196,-11765,90196,1
0,0,0,0,-1,-1,-1,1,0,0,-1,1,1,1,1,-1,0,0,0,0,-1,-1,-1,1,1,43750,1,-1,0,0,-1,-1,-1,1,1
1,0,44444,44444,53695,90763,-22222,1,-33333,88889,-1,33333,-1,-11111,-1,-22222,-66667,-77778,55556,-1,-22222,-77778,77778,-22222,33333,0,92120,45019,57454,84353,22222,1,-55556,1,1
0,0,0,0,0,0,0,0,0,0,0,0,0,0,0,0,0,0,0,0,0,0,0,0,0,0,1,0,0,0,0,0,0,0,0
1,0,1,0,1,0,5,50000,75000,0,91201,12094,89067,14210,86922,16228,75000,25000,75000,5,75000,0,1,-25000,5,50000,73944,26388,75000,25000,69635,29074,67493,30293,1
0,0,-1,1,1,1,0,0,1,-1,1,-1,1,-1,-1,-1,0,0,-1,-1,0,0,0,0,-1,-1,1,-1,1,1,-1,-1,0,0,0
1,0,1,0,1,0,66667,11111,1,-11111,88889,-11111,1,-22222,77778,0,77778,0,1,-11111,77778,-11111,66667,-11111,66667,0,90347,-5352,1,11111,88889,-11111,1,0,1
0,0,0,0,0,0,0,0,0,0,0,0,-1,-1,0,0,1,75000,0,0,0,0,-1,1,0,0,1,-1,-1,-1,1,1,0,0,0
1,0,1,45455,1,-45455,1,9091,1,-9091,1,0,1,-27273,1,-18182,1,9091,1,0,1,-36364,1,9091,1,-9091,1,-4914,1,45455,1,-27273,1,-18182,1
0,0,62121,-63636,0,0,0,0,34470,28788,42803,39394,-7576,51894,36364,31439,-53788,32955,12121,-14773,1894,-53409,-57576,17803,29167,-27273,25758,-57576,43182,24242,18182,-2273,17045,-41667,1
1,0,1,11765,1,23529,1,41176,1,5882,1,23529,1,11765,1,47059,1,-5882,1,-11765,1,35294,1,41176,1,-11765,1,20225,1,5882,1,35294,1,23529,1
0,0,0,0,-1,-62766,1,51064,7979,-23404,-1,-36170,12766,-59043,1,-1,0,0,82979,-7979,-25000,1,17021,-70745,0,0,-19149,-46809,-22340,-48936,74468,90426,-67553,45745,1
1,0,91667,29167,83333,-16667,70833,25000,87500,-8333,91667,4167,83333,12500,70833,0,87500,4167,1,8333,66667,-8333,75000,16667,83333,-12500,83796,5503,1,20833,70833,0,70833,4167,1
0,0,18590,-16667,0,0,0,0,0,0,0,0,11538,-19071,0,0,0,0,0,0,0,0,-5128,-6571,7853,8974,17308,-10897,12500,9615,2564,-4808,16827,19551,1
1,0,1,-8183,1,-11326,99246,-29802,1,-33075,96662,-34281,85788,-47265,91904,-48170,73084,-65224,68131,-63544,82450,-78316,58829,-74785,67033,-96296,48757,-85669,37941,-83893,24117,-88846,29221,-89621,1
0,0,1,1,-1,1,-1,-82456,34649,21053,46053,7018,22807,5702,35088,34649,72807,-3947,22807,53070,0,0,-29825,-16228,1,-66667,1,-1,1,-24561,35088,20175,82895,7895,1
1,0,1,24077,99815,369,80244,-30133,89919,-23486,70643,-24077,73855,-30539,71492,-36078,47194,-61189,40473,-55059,61041,-39328,53176,-32681,23966,-52142,29208,-48390,12777,-39143,15657,-51329,18353,-46603,1
0,0,-1,1,1,-1,0,0,0,0,1,-1,1,1,0,0,1,-1,0,0,0,0,1,1,-1,1,1,-1,-1,1,-1,-1,0,0,0
1,0,92247,-19448,96419,-17674,87024,-22602,81702,-27070,79271,-28909,70302,-49639,63338,-49967,37254,-70729,27070,-72109,40506,-54172,33509,-59691,14750,-63601,9312,-59589,-7162,-54928,-1840,-54074,-7457,-47898,1
0,0,-1,-1,-50694,1,1,-1,1,53819,0,0,23958,-1,1,1,0,0,1,1,1,1,0,0,-71528,1,33333,-1,1,-1,69792,-1,47569,1,1
1,0,84177,43460,5,76160,9916,93460,-37764,88186,-72363,61181,-93882,19409,-86709,-25527,-62869,-65612,-25105,-85654,16245,-86498,51477,-66878,74895,-28903,77937,7933,64135,42827,31435,62447,-422,69409,1
0,0,1,1,0,0,1,-1,-1,-1,1,1,1,-1,0,0,1,-1,1,1,0,0,1,-1,-1,-1,1,1,-1,1,-1,1,0,0,1
1,0,1,63548,1,1,77123,1,-33333,1,-1,1,0,1,-1,1,-1,0,-1,-66667,-1,-92536,-1,-33333,-33333,-1,19235,-1,1,-1,0,-1,1,-66667,1
0,0,-1,1,-1,-1,0,0,-1,1,1,-1,-1,-1,-1,1,0,0,-1,-1,-1,1,0,0,1,-1,1,1,1,-1,1,1,0,0,0
1,0,1,6843,1,14211,1,22108,1,-12500,1,39495,1,48981,1,58986,-37500,1,1,0,1,92001,1,1,1,1,1,1,1,25000,1,1,1,1,1
0,0,-1,-1,0,0,0,0,0,0,0,0,0,0,1,-1,0,0,-1,-1,0,0,1,1,1,-1,1,-1,0,0,0,0,0,0,0
1,0,64947,-7896,58264,-14380,-13129,-21384,29796,4403,38096,-26339,28931,-31997,3459,-18947,20269,-29441,15196,-29052,9513,-31525,6556,-26795,3004,-25124,-46,-23210,-2612,-21129,-4717,-18950,1336,-27201,1
0,0,0,0,0,0,0,0,0,0,1,-33333,16667,26042,0,0,0,0,0,0,-19792,-21875,-16667,90625,-1,5,4167,75000,-22917,-1,-12500,-27083,-19792,-93750,1
1,0,1,5149,99363,10123,96142,14756,95513,-26496,66026,54701,80426,25283,73781,27380,66775,28714,59615,29304,52494,29200,45582,28476,39023,27226,32930,25553,27381,23568,22427,21378,18086,19083,1
0,0,1,-9524,-1,-1,-1,-1,1,31746,81349,76190,-1,-1,-1,1,47364,1,1,1,68839,-1,-1,-1,82937,36508,1,1,1,50794,-1,-32540,-1,72831,1
1,0,93669,-190,60761,43204,92314,-40129,93123,16828,96197,9061,99676,8172,91586,5097,84628,-25324,87379,-14482,84871,26133,75081,-3641,84547,-2589,87293,-2302,98544,9385,78317,-10194,85841,-14725,1
0,0,1,-1,1,1,1,1,1,-5,1,1,1,1,1,1,0,0,1,1,1,1,1,-1,1,1,1,62500,1,-75000,-75000,1,1,1,1
1,0,1,23058,1,-78509,1,-10401,1,15414,1,27820,98120,-6861,1,6610,95802,-18954,83584,-15633,97400,3728,99624,9242,1,-1253,96238,-4597,91165,3885,1,-13722,96523,-11717,1
0,0,36876,-1,-1,-1,-7661,1,1,95041,74597,-38710,-1,-79313,-9677,1,48684,46502,31755,-27461,-14343,-20188,-11976,6895,3021,6639,3443,-1186,-403,-1672,-761,108,15,325,1
1,0,79847,38265,80804,-16964,1,-7653,98151,-7398,70217,20663,99745,2105,98214,2487,1,-13074,95663,7717,1,191,90306,30804,1,-14541,1,-394,75638,7908,1,-18750,1,-5740,1
0,0,0,0,0,0,0,0,0,0,0,0,1,1,1,1,1,-1,0,0,1,1,1,-1,1,1,1,0,1,1,1,-1,0,0,0
1,0,1,-28428,1,-25346,94623,-35094,1,-30566,92736,-49057,90818,-44119,75723,-58899,69748,-58019,59623,-57579,68459,-70975,54465,-87327,49214,-73333,35504,-76054,26352,-78239,16604,-73145,13994,-70000,1
0,0,0,0,0,0,0,0,-85000,-1,0,0,1,-1,0,0,-1,-1,-1,-1,1,-1,-60000,-1,1,1,-1,-20000,1,-1,0,1,0,0,1
1,0,1,9091,95455,-9091,77273,0,1,0,95455,0,1,4545,90909,-4545,1,0,1,0,86364,9091,77273,9091,90909,4545,91541,2897,95455,9091,86364,-9091,86364,4545,1
0,0,0,0,-1,1,1,1,-1,-1,0,0,-1,-1,-1,-31250,-1,-1,1,-1,1,-1,0,0,1,-1,-1,-1,0,0,1,-1,0,0,0
1,0,91176,-8824,97059,17647,82353,8824,91176,-2941,97059,-17647,97059,14706,94118,2941,1,0,1,0,76471,11765,88235,2941,85294,2941,92663,2600,94118,-11765,97059,5882,91176,5882,1
0,0,-1,1,-1,15244,28354,1,-1,1,-1,-1,1,1,-1,-23476,28301,-1,1,1,-31402,-1,-1,-1,1,-1,-1,-3578,1,-1,-1,-32317,14939,1,1
1,0,47368,-10526,83781,1756,83155,2615,68421,-5263,68421,0,79856,5028,78315,5756,84211,47368,1,5263,72550,7631,70301,8141,42105,21053,65419,8968,52632,-21053,60150,9534,57418,9719,1
0,0,-641,-5,0,0,-1923,1,0,0,0,0,0,0,0,0,0,0,31410,92949,-35256,74359,-34615,-80769,0,0,-61538,-51282,0,0,0,0,0,0,1
1,0,1,45455,1,54545,81818,63636,1,-9091,1,0,81818,-45455,63636,27273,1,-63636,1,-27273,90909,-45455,1,7750,1,-9091,1,8867,1,36364,1,63636,72727,27273,1
0,0,-1,-1,1,-1,-1,1,0,0,1,-1,1,-1,0,0,0,0,0,0,-1,1,1,-1,-1,1,1,1,0,0,1,5,0,0,0
1,0,45455,9091,63636,9091,27273,18182,63636,0,36364,-9091,45455,-9091,48612,-1343,63636,-18182,45455,0,36364,-9091,27273,18182,36364,-9091,34442,-1768,27273,0,36364,0,28985,-1832,1
0,0,-1,-59677,0,0,-1,64516,-87097,1,0,0,0,0,0,0,0,0,0,0,-1,-1,0,0,29839,23387,1,51613,0,0,0,0,0,0,1
1,0,1,14286,1,71429,1,71429,1,-14286,85714,-14286,1,2534,1,0,42857,-14286,1,3617,1,-28571,1,0,28571,-28571,1,4891,1,5182,1,57143,1,0,1
0,0,1,1,1,-1,1,1,1,1,1,1,1,-1,1,1,1,-1,1,-1,1,1,1,1,1,-1,1,1,1,1,1,1,1,1,0
1,0,87032,46972,53945,82161,10380,95275,-38033,87916,-73939,58226,-92099,16731,-82417,-24942,-59383,-63342,-24012,-82881,18823,-78699,51557,-57430,69274,-24843,69097,10484,52798,39762,25974,56573,-6739,57552,1
0,0,1,-1,1,1,1,-1,1,1,1,-1,1,-1,1,-1,1,1,1,1,1,1,1,-1,1,1,1,1,1,1,1,1,1,-1,0
1,0,92657,4174,89266,15766,86098,19791,83675,36526,80619,40198,76221,40552,66586,48360,60101,51752,53392,52180,48435,54212,42546,55684,33340,55274,26978,54214,22307,53448,14312,49124,11573,46571,1
0,0,1,1,1,-1,1,-1,1,1,0,0,1,-1,0,0,0,0,0,0,-1,1,1,1,0,0,1,1,0,0,-1,-1,0,0,0
1,0,93537,13645,93716,25359,85705,38779,79039,47127,72352,59942,65260,75000,50830,73586,41629,82742,25539,85952,13712,85615,494,88869,-7361,79780,-20995,78004,-33169,71454,-38532,64363,-47419,55835,1
0,0,1,-1,-1,1,-1,1,1,1,1,1,-1,-1,-1,-1,1,1,1,-1,-1,-1,-1,-1,1,0,1,-1,1,-1,-1,1,-1,1,0
1,0,80627,13069,73061,24323,64615,19038,36923,45577,44793,46439,25000,57308,25192,37115,15215,51877,-9808,57500,-3462,42885,-8856,44424,-14943,40006,-19940,34976,-23832,29541,-26634,23896,-23846,31154,1
0,0,1,-1,1,1,1,-1,1,1,1,-1,1,1,1,-1,1,-1,1,1,1,1,1,-1,1,-1,1,-1,1,1,1,-1,1,1,0
1,0,97467,13082,94120,20036,88783,32248,89009,32711,85550,45217,72298,52284,69946,58820,58548,66893,48869,70398,44245,68159,35289,75622,26832,76210,16813,78541,7497,80439,-2962,77702,-10289,74242,1
0,0,0,0,1,1,0,0,1,1,0,0,1,-1,0,0,0,0,0,0,0,0,0,0,0,0,1,-1,0,0,-1,1,0,0,0
1,0,92308,15451,86399,29757,72582,36790,70588,56830,57449,62719,43270,74676,31705,67697,19128,76818,4686,76171,-12064,76969,-18479,71327,-29291,65708,-38798,58553,-46799,50131,-53146,40732,-56231,35095,1
0,0,0,0,1,1,1,1,0,0,0,0,-1,-1,0,0,-1,-1,0,0,0,0,1,1,0,0,1,1,0,0,-1,1,0,0,0
1,0,88804,38138,65926,69431,29148,87892,-6726,90135,-39597,80441,-64574,56502,-82960,26906,-78940,-8205,-62780,-30942,-46637,-55605,-16449,-64338,9562,-61055,30406,-48392,43227,-29838,47029,-9461,42152,12556,1
0,0,1,-1,1,1,1,1,1,1,1,1,1,-1,1,1,1,1,1,-1,1,-1,1,-1,1,-1,1,1,1,-1,1,1,1,1,0
1,0,73523,-38293,80151,10278,78826,15266,55580,5252,1,21225,71947,28954,68798,32925,49672,17287,64333,-2845,57399,42528,53120,44872,94530,57549,44174,48200,12473,1,35070,49721,30588,49831,1
0,0,0,0,0,0,0,0,0,0,0,0,0,0,0,0,0,0,0,0,0,0,0,0,0,0,1,1,0,0,0,0,0,0,0
1,0,94649,892,97287,-260,98922,372,95801,1598,94054,3530,97213,4719,98625,1858,94277,7135,98551,-706,97770,4980,96358,7098,93274,8101,95243,4356,97473,818,97845,7061,1,-260,1
0,0,1,1,-1,-1,-1,-1,0,0,0,0,-1,-1,0,0,0,0,0,0,-1,1,1,1,0,0,1,-1,0,0,-1,-1,-1,-1,0
1,0,50466,-16900,71442,1513,71063,2258,68065,1282,34615,5594,69050,4393,68101,5058,67023,5692,63403,-4662,64503,6856,63077,7381,84033,18065,59935,8304,38228,6760,56466,9046,54632,9346,1
0,0,68729,1,91973,-76087,81773,4348,76087,10702,86789,73746,70067,18227,75920,13712,93478,-25084,70736,18729,64883,24582,60201,77425,1,-53846,89262,22216,71070,53846,1,-6522,56522,23913,1
1,0,76296,-7778,1,-29630,1,-85741,80000,6111,45556,-42778,1,-12581,1,-83519,49259,1852,82222,-5926,98215,-19938,1,22037,69630,-26481,92148,-24549,78889,2037,87492,-27105,1,-57037,1
0,0,38521,15564,41245,7393,26459,24125,23346,13230,19455,25292,24514,36965,8949,22957,-3891,36965,5058,24903,24903,9728,7782,29961,-2494,28482,-6024,26256,-14786,14786,-9339,31128,-19066,28794,1
1,0,57540,-3175,75198,-5357,61508,-1190,53968,3373,61706,9921,59127,-2381,62698,1190,70833,2579,60317,1587,47817,-2778,59127,3770,5,3968,61291,-1237,61706,-13492,68849,-1389,62500,-3175,1
0,0,6404,-15271,-4433,5911,8374,-2463,-1478,18719,6404,0,12315,-9852,5911,0,1970,-2956,-12808,-20690,6897,1478,6897,2956,7882,16256,28079,-4926,-5911,-9360,4433,5419,7389,-10837,1
1,0,61857,10850,70694,-6935,70358,1678,74273,224,71029,15772,71588,-224,79754,6600,83669,-16555,68680,-9060,62528,-1342,60962,11745,71253,-9508,69845,-1673,63311,4810,78859,-5145,65213,-4698,1
0,0,25316,35949,0,0,-29620,-1,0,0,7595,-7342,0,0,0,0,0,0,0,0,759,68101,-20000,33671,-10380,35696,5570,-1,0,0,6329,-1,0,0,1
1,0,88103,-857,89818,-2465,94105,-1822,89175,-12755,82208,-10932,88853,1179,90782,-13719,87138,-6109,90782,-2358,87996,-14577,82851,-12433,90139,-19507,88245,-14903,84352,-12862,88424,-18542,91747,-16827,1
0,0,42708,-5,0,0,0,0,46458,51042,58958,2083,0,0,0,0,16458,-45417,59167,-18333,0,0,0,0,98750,-40833,-1,-1,-27917,-75625,0,0,0,0,1
1,0,88853,1631,92007,1305,92442,1359,89179,-10223,90103,-8428,93040,-1033,93094,-8918,86025,-5057,89451,-4024,88418,-12126,88907,-11909,82980,-14138,86453,-11808,85536,-13051,83524,-12452,86786,-12235,1
0,0,0,0,1,12889,88444,-2000,0,0,1,-42444,1,19556,1,-5333,1,-81556,0,0,1,-4000,1,-18667,0,0,1,-1,0,0,1,11778,90667,-9556,1
1,0,81143,3714,85143,-143,79000,714,79571,-4286,87571,0,85571,-6714,86429,286,82857,-5429,81000,-11857,76857,-8429,84286,-5000,77000,-6857,81598,-8669,82571,-10429,81429,-5000,82143,-15143,1
0,0,0,0,0,0,0,0,0,0,0,0,-1,1,1,55172,0,0,0,0,0,0,0,0,0,0,1,1,0,0,0,0,0,0,1
1,0,49870,1818,43117,-9610,50649,-4156,50130,9610,44675,5974,55844,-11948,51688,-3636,52727,-5974,55325,-1039,48571,-3377,49091,-1039,59221,0,53215,-3280,43117,3377,54545,-5455,58961,-8571,1
0,0,0,0,0,0,0,0,0,0,0,0,0,0,0,0,0,0,0,0,0,0,0,0,0,0,1,-1,0,0,0,0,0,0,0
1,0,1,5,1,25000,25000,1,16851,91180,-13336,80454,-34107,60793,-43820,37856,-43663,16709,-36676,678,-26477,-9025,-16178,-12964,-7782,-12744,-2089,-10242,1033,-7036,2224,-4142,2249,-2017,1
0,0,0,0,0,0,1,1,-1,-1,0,0,1,-11111,0,0,0,0,-1,1,1,1,1,-1,0,0,1,-1,0,0,0,0,1,1,1
1,0,87048,38027,64099,69212,31347,86625,-3933,90740,-42173,79346,-70561,51560,-81049,22735,-81136,-12539,-67474,-38102,-38334,-62861,-13013,-70762,15552,-66421,38544,-51568,52573,-29897,56239,-5938,51460,16645,1
0,0,0,0,0,0,0,0,-1,1,0,0,1,37333,-12000,-12000,0,0,-1,-1,0,0,1,-1,0,0,1,22667,0,0,0,0,0,0,1
1,0,88179,43491,59573,77655,19672,94537,-24103,92544,-62526,71257,-86443,33652,-92384,-5338,-77356,-44707,-46950,-73285,-10237,-82217,26384,-77570,55984,-55910,72147,-24433,72478,9599,58137,38915,34749,57656,1
1,0,32834,2520,15236,21278,14919,74003,-25706,92324,-10312,19380,-61352,25786,-94053,-5409,-13117,-14329,-30315,-44615,-11409,-85597,2668,-22786,27942,-6295,33737,-11876,27657,-11409,15078,13296,12197,20468,1
1,0,83427,39121,54040,78579,12326,89402,-33221,83578,-70086,59564,-86622,21909,-84442,-24164,-59714,-61894,-19354,-87787,12439,-89064,51109,-72454,79143,-27734,83008,8718,66592,49079,37542,70011,-3983,79444,1
1,0,62335,-3490,59085,481,60409,-7461,63177,963,62455,-7461,67028,7220,62936,-8424,67509,9146,67148,0,58965,10108,50060,3129,65945,14079,60463,2019,51384,4452,61733,-963,61372,-9146,1
1,0,74449,-2390,70772,3309,72243,16912,79228,7721,81434,43934,63787,551,70772,21691,1,6066,61029,5147,67463,4228,52022,-25000,72978,-15809,61727,7124,30882,8640,55916,7458,60294,21691,1
1,0,61538,18923,78157,1780,77486,2647,65077,-10308,77538,8000,73961,5060,72322,5776,68615,-8923,61692,16308,66233,7573,63878,8041,60154,-7231,58803,8767,55077,25692,53389,9207,50609,9322,1
1,0,68317,5375,84803,202,84341,301,84300,9901,75813,4102,81892,585,80738,673,80622,-12447,77935,-3536,76365,909,74635,978,79632,-4243,70824,1096,62235,11598,66624,1190,64407,1227,1
1,0,5,0,38696,10435,49130,6522,46957,-3913,35652,-12609,45652,4783,50435,2609,35652,19565,42174,14783,42174,-2609,32174,-11304,47391,-870,41789,6908,38696,3913,35217,14783,44783,17391,1
1,0,79830,9417,78129,20656,71628,28068,69320,41252,65917,50122,57898,60814,49210,58445,33354,67861,29587,63548,9599,68104,2066,72236,-8748,63183,-11925,60696,-18226,56015,-25516,51701,-27339,42467,1
1,0,1,9802,1,25101,98390,33044,80365,53020,74977,60297,56937,71942,55311,74079,29452,82193,21137,79777,9709,82162,-1734,79870,-15144,75596,-22839,69187,-31713,60948,-40291,54522,-42815,44534,1
1,0,89410,13425,87001,31543,78896,43388,63388,59975,54003,71016,39699,76161,24266,79523,9134,79598,-9159,76261,-20201,66926,-30263,62610,-40552,50489,-46215,40753,-50314,27252,-52823,19172,-48808,5972,1
1,0,94631,17498,90946,33143,85096,49960,73678,63842,59215,73838,48698,83614,30459,90665,17959,93429,-701,93109,-18880,89383,-33023,82492,-46534,76482,-58563,66335,-67929,52564,-75321,42488,-81210,26092,1
1,0,91767,18198,86090,35543,72873,45747,60425,69865,50376,74922,36100,81795,15664,83558,396,85210,-16390,77853,-35996,76193,-43087,65385,-53140,53886,-60328,40972,-64511,27338,-65710,13667,-64056,5394,1
1,0,76627,21106,63935,38112,48409,52500,15000,22273,13753,59565,-7727,44545,0,48636,-27491,42014,-56136,36818,-36591,18864,-40533,7588,-38483,-3229,-33942,-12486,-27540,-19714,-19962,-24648,-11894,-27218,1
1,0,58940,-60927,85430,55298,81126,7285,56623,16225,32781,24172,50331,12252,63907,19868,71854,42715,54305,13907,65232,27815,68874,7285,51872,26653,49013,27687,46216,28574,43484,29324,40821,29942,1
1,0,1,11385,70019,-12144,81594,9677,71157,1139,56167,-7780,69070,12524,58634,3985,53131,-3416,69450,16888,72676,7211,32068,5882,53321,37381,49090,17951,15180,32448,44141,18897,56167,15180,1
1,0,84843,6794,80562,-2299,77031,-3299,66725,-6620,59582,-7666,67260,-5771,64260,-6438,39199,4530,71254,1394,55970,-8039,53430,-8453,47038,-22822,48659,-9128,52613,-8537,44277,-9621,42223,-9808,1
1,0,1,8013,96775,-482,96683,-722,87980,-3923,1,1419,96186,-1436,95947,-1671,98497,1002,91152,-8848,95016,-2364,94636,-2591,98164,2003,93772,-3034,1,-5843,92774,-3464,92226,-3673,1
1,0,47938,-12371,42784,-12371,70103,-39175,73196,7216,26289,-21649,49485,15979,45361,-11856,42268,6186,5,-27320,54639,18557,42268,8247,70619,19588,53396,-12447,15464,-26289,47423,4124,45361,-51546,1
1,0,63510,-4388,76530,2968,61432,36028,65358,-462,64203,8314,79446,-43418,72517,54965,59584,13857,63510,21940,63279,-25404,70951,15359,64665,23095,68775,17704,61663,7621,66316,19841,69053,36721,1
1,0,50112,-3596,61124,1348,58876,1573,58876,2472,66742,-449,71685,-4719,66517,899,57303,2472,64719,-7416,56854,14157,57528,-3596,46517,4944,56588,824,47640,-3596,54607,10562,60674,-8090,1
1,0,71521,-647,66667,-4207,63107,-5178,77994,8091,67314,9709,64725,15858,60194,-1942,54369,-4531,46926,-10032,64725,14887,39159,21683,52427,-5502,45105,40,31392,-6796,49191,-10680,30421,-5178,1
1,0,68148,10370,77037,3457,65185,8148,60988,-494,79012,11852,59753,4938,62469,9630,78272,-17531,73827,-10864,48642,988,60988,8148,66667,-12840,63773,-2451,76543,2222,61235,-7160,51358,-4691,1
1,0,60678,-2712,67119,4068,52881,-4407,50508,3729,70508,-7797,57966,-2034,53220,7797,64068,11864,56949,-2373,53220,678,71525,-3390,52881,-3390,57262,750,58644,-339,58983,-2712,50169,6780,1
1,0,49515,9709,29612,5825,34951,0,57282,-2427,58252,2427,33495,4854,52427,485,47087,-10680,43204,485,34951,5825,18932,25728,31068,-15049,36547,3815,39320,17476,26214,0,37379,-1942,1
1,0,98822,2187,93102,34100,83904,35222,74706,48906,73584,51879,55076,60179,43130,66237,31800,70443,28379,68873,7515,73696,6338,71284,-16489,69714,-16556,60510,-16209,55805,-34717,44195,-33483,37465,1
1,0,97905,15810,90112,35237,82039,48561,71760,64888,58827,73743,40349,83156,25140,84804,4700,85475,-12193,79749,-26180,80754,-37835,71676,-51034,58324,-57587,46040,-61899,30796,-65754,18345,-64134,2968,1
1,0,99701,21677,91966,47030,76902,62415,53312,78120,36774,88291,10107,83312,-6827,89274,-28269,72073,-43707,61688,-55769,48120,-65000,35534,-64658,15908,-66651,2277,-64872,-13462,-54615,-22949,-47201,-35032,1
1,0,94331,19959,96132,40803,80514,56569,56687,70830,41836,83230,14939,89489,5167,93682,-24742,83939,-42811,75554,-50251,62563,-65515,50428,-68851,30912,-77097,15619,-75406,-4399,-75199,-17921,-66932,-34367,1
1,0,93972,28082,80486,52821,58167,73151,34961,80511,10797,90403,-20015,89335,-39730,82163,-58835,62867,-76305,40368,-81262,18888,-81317,-4284,-75273,-26883,-63237,-46438,-46422,-61446,-26389,-70835,-8937,-71273,1
1,0,89835,35157,67333,62233,43898,94353,-3643,80510,-22838,75334,-25137,48816,-57377,28415,-66750,10591,-47359,-6193,-81056,-6011,-33197,-47592,-12897,-53620,7158,-51925,24321,-43478,36586,-30057,42805,13297,1
1,0,29073,10025,23308,17293,3759,34336,12030,26316,6266,21303,-4725,12767,-6333,7907,-6328,4097,-5431,1408,-4166,-280,-2876,-1176,-1755,-1505,-886,-1475,-280,-1250,96,-948,290,-647,1
1,0,58459,-35526,1,35338,75376,-564,82519,19361,50188,-27632,65977,6391,69737,14662,72368,-42669,76128,4511,66917,20489,84774,-40977,64850,-4699,56836,-10571,52820,-13346,15602,-12218,44767,-10309,1
1,0,83609,13215,72171,6059,65829,8315,23888,12961,43837,20330,49418,12686,44747,13507,29352,2922,48158,15756,32835,14616,29495,14638,26436,14530,23641,14314,26429,16137,18767,13632,16655,13198,1
1,0,94080,11933,85738,1038,85124,1546,76966,-278,84459,10916,83289,3027,82680,3506,74838,1943,80019,2405,80862,4901,80259,5352,77336,2220,79058,6235,85939,9251,77863,7090,77269,7508,1
1,0,87111,4326,79946,18297,99009,29292,89455,-8337,88598,-2028,90446,-26724,89410,19964,88644,-4642,84452,-991,97882,-34024,78954,-25101,86661,-9193,85967,-2908,78774,-4101,75935,21812,88238,9193,1
1,0,74916,2549,98994,9792,75855,12877,74313,-9188,95842,2482,97921,-469,96110,10195,91482,3756,71026,2683,81221,-8048,1,0,71764,-1207,82271,2552,72435,-1073,90409,11066,72837,2750,1
1,0,47337,19527,6213,-18343,62316,1006,45562,-4438,56509,1775,44675,27515,71598,-3846,55621,12426,41420,11538,52767,2842,51183,-10651,47929,-2367,46514,3259,53550,25148,31953,-14497,34615,-296,1
1,0,59887,14689,69868,-13936,85122,-13936,80979,2448,50471,2825,67420,-4520,80791,-13748,51412,-24482,81544,-14313,70245,-377,33333,6215,56121,-33145,61444,-16837,52731,-2072,53861,-31262,67420,-22034,1
1,0,84713,-3397,86412,-8493,81953,0,73673,-7643,71975,-13588,74947,-11677,77495,-18684,78132,-21231,61996,-10191,79193,-15711,89384,-3397,84926,-26115,74115,-23312,66242,-22293,72611,-37792,65817,-24841,1
1,0,87772,-8152,83424,7337,84783,4076,77174,-2174,77174,-5707,82337,-10598,67935,-543,88043,-20924,83424,3261,86413,-5978,97283,-27989,85054,-18750,83705,-10211,85870,-3261,78533,-10870,79076,-543,1
1,0,74704,-13241,53755,16996,72727,9486,69565,-11067,66798,-23518,87945,-19170,73715,4150,63043,-395,63636,-11858,79249,-25296,66403,-28656,67194,-10474,61847,-12041,60079,-20949,37549,6917,61067,-1383,1
1,0,46785,11308,58980,665,55432,6874,47894,-13969,52993,1330,63858,-16186,67849,-3326,54545,-13525,52993,-4656,47894,-19512,50776,-13525,41463,-20177,53930,-11455,59867,-2882,53659,-11752,56319,-4435,1
1,0,88116,27475,72125,42881,61559,63662,38825,90502,9831,96128,-20097,89200,-35737,77500,-65114,62210,-78768,45535,-81856,19095,-83943,-8079,-78334,-26356,-67557,-45511,-54732,-60858,-30512,-66700,-19312,-75597,1
1,0,93147,29282,79917,55756,59952,71596,26203,92651,4636,96748,-23237,95130,-55926,81018,-73329,62385,-90995,36200,-92254,6040,-93618,-19838,-83192,-46906,-65165,-69556,-41223,-85725,-13590,-93953,10007,-94823,1
1,0,88241,30634,73232,57816,34109,58527,5717,1,-9238,92118,-62403,71996,-69767,32558,-81422,41195,-1,-775,-78973,-41085,-76901,-45478,-57242,-67605,-31610,-81876,-2979,-86841,25392,-82127,194,-81686,1
1,0,83479,28993,69256,47702,49234,68381,21991,86761,-8096,85011,-35558,77681,-52735,58425,-70350,31291,-75821,3939,-71225,-15317,-58315,-39168,-37199,-52954,-16950,-60863,8425,-61488,25164,-48468,40591,-35339,1
1,0,92870,33164,76168,62349,49305,84266,21592,95193,-13956,96167,-47202,83590,-70747,65490,-87474,36750,-91814,5595,-89824,-26173,-73969,-54069,-50757,-74735,-22323,-86122,7810,-87159,36021,-78057,59407,-60270,1
1,0,83367,31456,65541,57671,34962,70677,17293,78947,-18976,79886,-41729,66541,-68421,47744,-74725,19492,-72180,-4887,-62030,-28195,-49165,-53463,-26577,-66014,-1530,-69706,22708,-64428,43100,-51206,64662,-30075,1
1,0,98455,-2736,98058,-4104,1,-7635,98720,1456,95278,-2604,98500,-7458,99382,-7149,97396,-9532,97264,-12224,99294,-5252,95278,-8914,97352,-8341,96653,-12912,93469,-14916,97132,-15755,96778,-18800,1
1,0,94052,-1531,94170,1001,94994,-1472,95878,-1060,94641,-3710,97173,-1767,97055,-3887,95465,-4064,95230,-4711,94229,-2179,92815,-4417,92049,-4476,92695,-5827,90342,-7479,91991,-7244,92049,-7420,1
1,0,97032,-14384,91324,-228,96575,-17123,98630,18265,91781,228,93607,-8447,91324,-228,86758,-8676,97032,-21233,1,10274,92009,-5251,92466,6849,94043,-9252,97032,-20091,85388,-8676,96575,-21918,1
1,0,52542,-3390,94915,8475,52542,-16949,30508,-1695,50847,-13559,64407,28814,83051,-35593,54237,1695,55932,3390,59322,30508,86441,5085,40678,15254,67287,-266,66102,-3390,83051,-15254,76271,-10169,1
1,0,33333,-25000,44444,22222,38889,16667,41667,13889,5,-11111,54911,-8443,58333,33333,55556,2778,25000,-19444,47222,-5556,52778,-2778,38889,8333,41543,-14256,19444,-13889,36924,-14809,8333,-5,1
1,0,51207,1,1,53810,71178,80833,45622,46427,33081,1,21249,1,-17416,1,-33081,98722,-61382,1,-52674,71699,-88500,47894,-1,35175,-1,9569,-1,-16713,-1,-42226,-91903,-65557,1
1,0,75564,49638,83550,54301,54916,72063,35225,70792,13469,94749,-9818,93778,-37604,82223,-52742,71161,-68358,67989,-70163,24956,-79147,2995,-98988,-29099,-70352,-32792,-63312,-19185,-34131,-60454,-19609,-62956,1
1,0,83789,42904,72113,58385,45625,78115,16470,82732,-13012,86947,-46177,78497,-59435,52070,-78470,26529,-84014,3928,-62041,-31351,-47412,-48905,-37298,-67796,-5054,-62691,14690,-45911,37093,-39167,48319,-24313,1
1,0,93658,35107,75254,65640,45571,88576,15323,95776,-21775,96301,-56535,83397,-78751,58045,-93104,26020,-93641,-6418,-87028,-40949,-65079,-67464,-36799,-84951,-4578,-91221,27330,-85762,54827,-69613,74828,-44173,1
1,0,92436,36924,71976,68420,29303,94078,-11108,76527,-31605,92453,-66616,78766,-92145,42314,-94315,9585,-1,3191,-66431,-66278,-46010,-78174,-13486,-88082,19765,-85137,48904,-70247,69886,-46048,76066,-13194,1
1,0,1,16195,1,-5558,1,1373,1,-12352,1,-1511,1,-1731,1,-6374,1,-7157,1,5900,1,-10108,1,-2685,1,-22978,1,-6823,1,8299,1,-14194,1,-7439,1
1,0,95559,-155,86421,-13244,94982,-461,82809,-51171,92441,10368,1,-14247,99264,-2542,95853,-15518,84013,61739,1,-16321,87492,-8495,85741,-1664,84132,-1769,82427,-1867,80634,-1957,78761,-2039,1
1,0,79378,29492,64064,52312,41319,68158,14177,83548,-16831,78772,-42911,72328,-57165,41471,-75436,16755,-69977,-9856,-57695,-23503,-40637,-38287,-17437,-52540,1523,-48707,19030,-38059,31008,-23199,34572,-8036,1
1,0,88085,35232,68389,65128,34816,79784,5832,90842,-29784,86490,-62635,69590,-77106,39309,-85803,8408,-81641,-24017,-64579,-50022,-39766,-68337,-11147,-75533,17041,-71504,40675,-57649,56626,-36765,62765,-13305,1
1,0,89589,39286,66129,71804,29521,90824,-4787,94415,-45725,84605,-77660,58511,-92819,25133,-92282,-15315,-76064,-48404,-50931,-76197,-14895,-88591,21581,-85703,53229,-68593,74846,-40656,83142,-7029,76862,27926,1
1,0,1,-24051,1,-20253,87342,-10127,88608,1266,1,11392,92405,6329,84810,-3797,63291,-36709,87342,-1266,93671,6329,1,25316,62025,-37975,84637,-5540,1,-6329,53165,2532,83544,-2532,1
1,0,74790,840,83312,1659,82638,2469,86555,1681,60504,5882,79093,4731,77441,5407,64706,19328,84034,4202,71285,7122,68895,7577,66387,8403,63728,8296,61345,1681,58187,8757,55330,8891,1
1,0,85013,1809,92211,1456,92046,2180,92765,8010,87597,11370,91161,4320,90738,5018,87339,2842,95866,0,89097,7047,88430,7697,83721,10853,86923,8950,87597,8786,85198,10134,84258,10698,1
1,0,1,-1179,1,-343,1,-1565,1,-1565,1,-2809,1,-2187,99828,-3087,99528,-3238,99314,-3452,1,-3881,1,-5039,1,-4931,99842,-5527,99400,-6304,99057,-6497,98971,-6668,1
1,0,89505,-3168,87525,5545,89505,1386,92871,2772,91287,-990,94059,-1584,91881,3366,93663,0,94257,1386,90495,792,88713,-1782,89307,2376,89002,1611,88119,198,87327,4158,86733,2376,1
1,0,90071,1773,1,-1773,90071,709,84752,5674,1,3546,97872,1064,97518,3546,1,-3191,89716,-3191,86170,7801,1,9220,90071,4610,94305,3247,94681,2482,1,1064,93617,2128,1
1,0,39394,-24242,62655,1270,45455,9091,63636,9091,21212,-21212,57576,15152,39394,0,56156,4561,51515,3030,78788,18182,30303,-15152,48526,5929,46362,6142,33333,-3030,41856,6410,39394,24242,1
1,0,86689,35950,72014,66667,37201,83049,8646,85893,-24118,86121,-51763,67577,-68714,41524,-77019,9898,-69397,-13652,-49488,-42207,-32537,-57679,-2844,-59954,15360,-53127,32309,-37088,46189,-19681,40956,1820,1
1,0,89563,37917,67311,69438,35916,88696,-4193,93345,-38875,84414,-67274,62078,-82680,30356,-86150,-5365,-73564,-34275,-51778,-62443,-23428,-73855,6911,-73856,33531,-62296,52414,-42086,61217,-17343,60073,8660,1
1,0,90547,41113,65354,74761,29921,95905,-13342,97820,-52236,83263,-79657,55086,-96631,15192,-93001,-25554,-71863,-59379,-41546,-85205,-2250,-93788,36318,-85368,67538,-61959,85977,-28123,88654,9800,75495,46301,1
1,0,1,1,36700,6158,12993,92713,-27586,93596,-31527,37685,-87192,36946,-92857,-8867,-38916,-34236,-46552,-82512,-5419,-93596,25616,-20443,73792,-45950,85471,-6831,1,1,38670,246,17758,79790,1
1,0,1,51515,45455,33333,6061,36364,-32104,73062,-45455,48485,-57576,0,-57576,-12121,-33333,-48485,-9091,-84848,48485,-57576,57576,-42424,1,-39394,72961,12331,96970,57576,24242,36364,9091,33333,1
1,0,88110,0,94817,-2744,93598,-1220,90244,1829,90244,1829,93902,915,95732,305,1,2744,94207,-1220,90854,2439,91463,5488,99695,4878,89666,2226,90854,915,1,5488,97561,-1220,1
1,0,82624,8156,79078,-8156,90426,-1773,92908,1064,80142,8865,94681,-709,94326,0,93262,20213,95035,-709,91489,709,80496,7092,91135,15957,89527,8165,77660,6738,92553,18085,92553,0,1
1,0,74468,10638,88706,982,88542,1471,87234,-1418,73050,10638,87657,2912,87235,3382,95745,7801,95035,4255,85597,4743,84931,5178,87234,11348,83429,6014,74468,-3546,81710,6800,80774,7173,1
1,0,87578,3727,89951,343,89210,510,86335,0,95031,7453,87021,994,86303,1151,83851,-6211,85714,2484,84182,1603,83486,1749,79503,-4348,82111,2033,81988,8696,80757,2308,80088,2441,1
1,0,97513,710,98579,1954,1,1954,99290,1599,95737,2309,97158,3552,1,3730,97869,2131,98579,5684,97158,4796,94494,5506,98401,3552,97540,6477,94849,8171,99112,6217,98934,9947,1
1,0,1,1105,1,1105,1,2320,99448,-1436,99448,-221,98343,2320,1,884,97569,773,97901,1657,98011,663,98122,2099,97127,-663,98033,1600,97901,1547,98564,2099,98674,2762,1
1,0,1,-1342,1,1566,1,-224,1,6264,97763,4474,95973,2908,1,6488,98881,3356,1,3579,99776,9396,95749,7383,1,10067,99989,8763,99105,8501,1,10067,1,10067,1
1,0,88420,36724,67123,67382,39613,86399,2424,93182,-35148,83713,-60316,58842,-78658,38778,-83285,-642,-69318,-32963,-52504,-53924,-27377,-68126,806,-69774,26028,-60678,44569,-43383,54209,-21542,56286,2823,1
1,0,90147,41786,64131,75725,30440,95148,-20449,96534,-55483,81191,-81857,50949,-96986,10345,-91456,-31412,-70163,-65461,-32354,-88999,5865,-94172,44483,-82154,74105,-55231,89415,-18725,87893,20359,70555,54852,1
1,0,32789,11042,15970,29308,14020,74485,-25131,91993,-16503,26664,-63714,24865,-97650,-337,-23227,-19909,-30522,-48886,-14426,-89991,9345,-28916,28307,-18560,39599,-11498,31005,5614,21443,20540,13376,26422,1
1,0,65845,43617,44681,74804,5319,85106,-32027,82139,-68253,52408,-84211,7111,-82811,-28723,-47032,-71725,-4759,-86002,23292,-76316,56663,-52128,74300,-18645,74758,23713,45185,59071,20549,76764,-18533,74356,1
1,0,19466,5725,4198,25191,-10557,48866,-18321,-18321,-41985,6107,-45420,9160,-16412,-30534,-10305,-39695,18702,-17557,34012,-11953,28626,-16031,21645,24692,3913,31092,-3817,26336,-16794,16794,-30153,-33588,1
1,0,98002,75,1,0,98982,-75,94721,2394,97700,2130,97888,3073,99170,2338,93929,5713,93552,5279,97738,5524,1,6241,94155,8107,96709,7255,95701,8088,98190,8126,97247,8616,1
1,0,82254,-7572,80462,231,87514,-1214,86821,-7514,72832,-11734,84624,5029,83121,-7399,74798,6705,78324,6358,86763,-2370,78844,-6012,74451,-2370,76717,-2731,74046,-7630,70058,-4220,78439,1214,1
1,0,35346,-13768,69387,-2423,68195,-3574,55717,-6119,61836,-10467,62099,-6527,59361,-7289,42271,-26409,58213,4992,49736,-8771,46241,-8989,45008,-564,39146,-9038,35588,-10306,32232,-8637,28943,-8300,1
1,0,76046,1092,86335,258,85821,384,79988,2304,81504,12068,83096,744,81815,854,82777,-6974,76531,3881,76979,1148,75071,1232,77138,-303,70886,1375,66161,849,66298,1484,63887,1525,1
1,0,66667,-1366,97404,6831,49590,50137,75683,-273,65164,-14071,40164,-48907,39208,58743,76776,31831,78552,11339,47541,-44945,1,683,60656,6967,68656,17088,87568,7787,55328,24590,13934,48087,1
1,0,83508,8298,73739,-14706,84349,-5567,90441,-4622,89391,13130,81197,6723,79307,-8929,1,-2101,96639,6618,87605,1155,77521,6618,95378,-4202,83479,123,1,12815,86660,-10714,90546,-4307,1
1,0,95113,419,95183,-2723,93438,-1920,94590,1606,96510,3281,94171,7330,94625,-1326,97173,140,94834,6038,92670,8412,93124,10087,94520,1361,93522,4925,93159,8168,94066,-35,91483,4712,1
1,0,94701,-34,93207,-3227,95177,-3431,95584,2446,94124,1766,92595,4688,93954,-1461,94837,2004,93784,1393,91406,7677,89470,6148,93988,3193,92489,2542,92120,2242,92459,442,92697,-577,1
1,0,90608,-1657,98122,-1989,95691,-3646,85746,110,89724,-3315,89061,-1436,90608,-4530,91381,-884,80773,-12928,88729,1215,92155,-2320,91050,-2099,89147,-7760,82983,-17238,96022,-3757,87403,-16243,1
1,0,84710,13533,73638,-6151,87873,8260,88928,-9139,78735,6678,80668,-351,79262,-1054,85764,-4569,87170,-3515,81722,-9490,71002,4394,86467,-15114,81147,-4822,78207,-703,75747,-6678,85764,-6151,1
